track_id,danceability,energy,key,loudness,mode,speechiness,acousticness,instrumentalness,liveness,valence,tempo,time_signature
33bURv895AN4FkBvgFo2dx,0.624,0.647,3,-4.68,0,0.0335,0.0169,0.0038,0.221,0.379,136.022,4
33SNO8AaciGbNaQFkxvPrW,0.375,0.93,2,-2.631,1,0.0561,0.00064,0.0,0.318,0.491,147.124,4
5Lbsc65org0b85kNsPkluY,0.554,0.842,5,-4.113,1,0.0397,0.287,0.0,0.106,0.348,114.036,4
6VzcQuzTNTMFnJ6rBSaLH9,0.306,0.347,2,-8.5,1,0.0334,0.172,0.00013,0.0485,0.0511,120.996,4
1ZMiCix7XSAbfAJlEZWMCp,0.567,0.267,4,-6.502,1,0.0299,0.839,1.46e-06,0.089,0.0592,110.011,4
1qEmFfgcLObUfQm0j1W2CK,0.714,0.728,10,-4.595,1,0.0468,0.298,0.0,0.106,0.901,114.996,4
5LYMamLv12UPbemOaTPyeV,0.72,0.715,11,-4.652,1,0.04,0.258,0.0568,0.107,0.357,107.041,4
6qj02zSeEJGWZ4c0dn5QzJ,0.417,0.202,0,-10.976,1,0.0357,0.935,0.0,0.108,0.323,118.029,4
7uzmGiiJyRfuViKKK3lVmR,0.71,0.789,4,-3.874,1,0.0722,0.0161,2.77e-06,0.451,0.717,142.929,4
5TVirkSwFEXF1nLJEebe2I,0.666,0.677,2,-5.743,1,0.0326,0.214,0.0,0.0979,0.178,100.014,4
2JuIs3XJlYPy8vBO66CEkJ,0.694,0.389,8,-5.41,1,0.0706,0.3,0.0,0.158,0.409,90.984,4
6pmZMP2ET1OJi5rKfLO8jD,0.651,0.654,1,-5.481,1,0.0466,0.385,0.0,0.181,0.539,141.975,4
6LVsIWAAQwGjHMv7SOQjnY,0.66,0.616,9,-4.753,1,0.0333,0.523,0.0,0.391,0.536,138.942,4
6l0knFRwTeQgJ2yHHqwKmt,0.711,0.412,9,-6.827,1,0.0445,0.184,0.0,0.0546,0.186,130.013,4
3PRqiN41BIPkeai16CWjqy,0.618,0.47,0,-7.379,1,0.0271,0.0169,0.0,0.111,0.228,135.034,4
4dORWJfLHYnXkB5PeR4s5b,0.532,0.227,7,-12.184,1,0.0416,0.776,7.56e-06,0.086,0.107,83.57,4
2MOoIbJWIYikwIXjBDe26i,0.406,0.408,3,-9.419,1,0.053,0.771,7.88e-06,0.394,0.525,79.705,4
3aUD2nXnCYiGd9V1UhfyRz,0.65,0.538,5,-7.511,1,0.0464,0.128,4.95e-06,0.127,0.501,153.179,4
0nRuVPZx2iA3KWR4xSzryl,0.363,0.781,6,-6.804,1,0.0739,0.148,0.000222,0.125,0.342,173.696,4
2m6Ko3CY1qXNNja8AlugNc,0.559,0.559,11,-6.425,1,0.0358,0.0145,0.0,0.138,0.338,72.498,4
3S8jK1mGzQi24ilFb45DAZ,0.619,0.241,11,-7.102,0,0.046,0.9,0.0,0.116,0.0719,79.461,4
0nJW01T7XtvILxQgC5J7Wh,0.612,0.28,0,-8.648,1,0.0434,0.932,0.0,0.088,0.387,72.795,4
3w3y8KPTfNeOKPiqUTakBh,0.726,0.698,5,-4.165,1,0.0431,0.049,0.0,0.309,0.867,143.994,4
161DnLWsx1i3u1JT05lzqU,0.498,0.59,1,-4.721,0,0.032,0.511,0.0,0.107,0.0784,145.867,4
7BqBn9nzAq8spo5e7cZ0dJ,0.635,0.841,5,-5.379,1,0.0422,0.0134,0.0,0.0622,0.424,109.021,4
22PMfvdz35fFKYnJyMn077,0.621,0.82,10,-4.865,1,0.0367,0.332,0.0,0.104,0.452,144.905,4
55h7vJchibLdUkxdlX3fK7,0.874,0.692,5,-5.28,0,0.0431,0.0412,7.24e-05,0.324,0.937,116.017,4
3G5iN5QBqMeXx3uZPy8tgB,0.561,0.749,6,-4.951,0,0.032,0.461,1.82e-06,0.205,0.501,125.986,4
0B0tYbVp7pDQAqKDhgMeaL,0.587,0.63,2,-6.054,1,0.0311,0.0389,0.0,0.35,0.433,76.97,4
0kN8xEmgMW9mh7UmDYHlJP,0.578,0.574,2,-6.209,1,0.0454,0.196,0.0,0.083,0.301,174.152,4
0mBKv9DkYfQHjdMcw2jdyI,0.571,0.539,5,-4.446,0,0.116,0.0208,0.0,0.125,0.727,202.103,4
1I6pKIyaBp4OebTGLJpCCC,0.853,0.871,8,-3.715,1,0.0851,0.0145,6.84e-05,0.198,0.863,124.021,4
5MMLS3xm12D7N26xlfFApr,0.658,0.762,10,-3.028,0,0.0425,0.263,0.0,0.127,0.823,163.864,4
0RUGuh2uSNFJpGMSsD1F5C,0.576,0.835,2,-6.826,1,0.0486,0.337,0.0,0.082,0.476,150.017,4
32OlwWuMpZ6b0aN2RZOeMS,0.856,0.609,0,-7.223,1,0.0824,0.00801,8.15e-05,0.0344,0.928,114.988,4
2K6vUau7bnZUamjbRSOOvJ,0.836,0.622,1,-11.003,1,0.0946,0.00269,0.000566,0.335,0.892,102.015,4
4AwJSk491AvHk2AAJReGzZ,0.591,0.473,7,-8.122,0,0.0708,0.694,0.00334,0.108,0.451,152.88,4
1RMJOxR6GRPsBHL8qeC2ux,0.524,0.364,7,-10.209,1,0.0367,0.808,0.0,0.1,0.436,75.24,4
7MXVkk9YMctZqd1Srtv4MB,0.679,0.587,7,-7.015,1,0.276,0.141,6.35e-06,0.137,0.486,186.003,4
6CcJMwBtXByIz4zQLzFkKc,0.421,0.131,0,-18.435,1,0.0382,0.952,0.00453,0.109,0.12,137.446,4
042Sl6Mn83JHyLEqdK7uI0,0.632,0.284,9,-14.025,0,0.0801,0.932,0.000476,0.233,0.208,129.642,4
77u89jbqM9WGbLzveay3rq,0.447,0.47,4,-5.549,1,0.0268,0.52,0.0,0.0984,0.085,136.034,4
5wANPM4fQCJwkGd4rN57mH,0.561,0.431,10,-8.81,1,0.0578,0.768,1.42e-05,0.106,0.137,143.875,4
5CZ40GBx1sQ9agT82CLQCT,0.38,0.339,3,-7.885,1,0.0338,0.691,0.0,0.12,0.0849,100.607,4
5JCoSi02qi3jJeHdZXMmR8,0.369,0.272,9,-10.497,1,0.0364,0.866,0.0,0.147,0.218,172.929,4
2tGvwE8GcFKwNdAXMnlbfl,0.395,0.443,6,-9.72,1,0.133,0.765,9.67e-06,0.0839,0.338,168.924,3
3UoULw70kMsiVXxW0L3A33,0.487,0.534,0,-5.664,0,0.0555,0.36,0.0,0.1,0.173,131.798,4
2afCBiru10AFckfOa49wIa,0.574,0.329,1,-6.829,1,0.0274,0.22,0.0,0.0986,0.356,130.993,4
1dQQ2QlnvXUehsRUrukKmf,0.645,0.78,8,-5.165,1,0.0319,0.218,0.0,0.0919,0.372,120.008,4
23eQyAz9tzvrKsG0kAnrja,0.599,0.595,2,-5.316,1,0.0281,0.0634,0.0,0.103,0.474,117.031,4
3lnjFENd7rHxPYM9b964Md,0.638,0.942,5,-4.163,0,0.0857,0.015,0.0,0.31,0.745,142.896,4
3jJ5NJ3aNWvV70Rd7hgZIH,0.495,0.583,8,-4.531,1,0.0249,0.374,0.0,0.0781,0.603,84.969,4
2Bs4jQEGMycglOfWPBqrVG,0.536,0.768,10,-5.948,0,0.0347,0.00433,0.0,0.114,0.545,77.217,4
5T7ZFtCcOgkpjxcuaeZbw0,0.652,0.877,1,-2.986,1,0.0465,0.0227,0.0,0.0789,0.486,118.491,4
5O2P9iiztwhomNh8xkR9lJ,0.672,0.52,8,-7.747,1,0.0353,0.859,0.0,0.115,0.37,120.001,4
6nIE1oCE4udqMGv3bqVNVb,0.515,0.714,0,-4.516,1,0.0348,0.286,0.0,0.118,0.495,155.954,4
1hZk9dktp4yRFTm0TrycuH,0.522,0.782,2,-4.846,1,0.0412,0.216,1.08e-05,0.133,0.169,125.994,4
32HwMdkZuUmHg9uznhs9xM,0.697,0.894,2,-4.891,1,0.0599,0.0543,0.0,0.631,0.795,124.016,4
4SRYGZsbHrmH7E9xMVz4Wm,0.658,0.801,11,-4.124,1,0.0334,0.00727,0.0,0.0448,0.879,124.008,4
1NhPKVLsHhFUHIOZ32QnS2,0.516,0.764,2,-6.223,1,0.0366,0.0717,0.0,0.115,0.376,148.021,4
7D49Iig0avHre9RFSUMkd2,0.598,0.854,9,-5.429,1,0.0436,0.0746,0.0,0.278,0.311,119.976,4
0c3yfC8zMRJGvmqphczhZb,0.473,0.833,2,-5.013,1,0.039,0.00369,0.0,0.118,0.503,157.012,4
3nqqDo8CcCLke3ZoTgiOKf,0.605,0.629,10,-5.051,1,0.0279,0.437,0.0,0.097,0.308,99.894,4
285hMzLhJwHVLe9QT9qilk,0.63,0.696,10,-4.501,1,0.0242,0.144,0.0,0.0835,0.491,94.034,4
4IACOiO4fczuCkYFdYxDGu,0.517,0.828,4,-4.223,1,0.0493,0.156,0.0,0.901,0.516,147.956,4
7HZKksFR5Qsr4XPHAkub32,0.402,0.791,11,-3.804,1,0.0434,0.169,0.0,0.167,0.493,186.06,4
1gXBi2I04CLJkTQnhNfEJT,0.38,0.438,5,-5.526,0,0.0962,0.0259,1.29e-05,0.154,0.349,179.404,3
1yf97yL1ll8FYXC27c9VTw,0.584,0.833,6,-5.9,1,0.041,0.00359,3.44e-05,0.169,0.324,140.013,4
4RVwu0g32PAqgUiJoXsdF8,0.332,0.225,0,-8.697,1,0.0348,0.767,0.00349,0.128,0.297,81.055,3
43zdsphuZLzwA9k4DJhU0I,0.367,0.111,4,-14.084,1,0.0972,0.978,3.97e-05,0.0897,0.198,82.642,4
73SpzrcaHk0RQPFP73vqVR,0.344,0.22,4,-13.218,0,0.0365,0.917,0.0107,0.0827,0.0522,70.895,4
6v3KW9xbzN5yKLt9YKDYA2,0.759,0.548,9,-6.049,0,0.0289,0.0379,0.0,0.0828,0.75,116.963,4
138oQeapLds5IeJrdRfeUd,0.498,0.199,7,-11.011,1,0.0353,0.933,0.000573,0.493,0.47,76.046,4
5ld8E3DVBXCCWQ54yrkWVp,0.562,0.869,6,-5.38,1,0.058,0.205,0.0293,0.122,0.928,164.936,4
6ZuahEctZD6w75peme58hm,0.442,0.631,1,-5.096,0,0.05,0.136,2.29e-05,0.133,0.129,139.774,4
5Ohxk2dO5COHF1krpoPigN,0.516,0.595,5,-4.63,1,0.0313,0.0275,0.0,0.109,0.222,119.972,4
3AMQKTsIR0ukMOXvPkwaKz,0.449,0.39,2,-8.263,1,0.0363,0.256,0.0,0.147,0.123,130.11,4
61SwOvGpjoANrBOVgBZvMi,0.668,0.678,11,-7.655,0,0.0425,0.228,0.0,0.591,0.587,104.971,4
77Gfhrr1Uh9Pv57MUUmVuY,0.611,0.816,2,-5.559,1,0.0592,0.0292,0.0,0.0825,0.589,144.992,4
0JU7KoyKSFgY1zJV2ex6Ee,0.52,0.901,0,-5.448,1,0.407,0.331,0.0,0.175,0.509,199.84,4
5qELFdy1PLLinCg5462HES,0.434,0.713,11,-6.44,1,0.0361,0.168,0.0,0.101,0.376,171.797,4
1mEM6KkVMwpuAuqusCMD6m,0.593,0.514,2,-6.618,1,0.0467,0.184,0.0,0.183,0.461,133.68,4
3rrv1sQftMszpL7vxLSvX2,0.418,0.72,4,-5.934,1,0.0338,0.0133,0.000108,0.213,0.219,134.945,4
48f7LOHWir3VQoO06yoc95,0.617,0.801,8,-5.766,1,0.0336,0.0254,2.07e-06,0.105,0.426,119.003,4
7baT4xndV4HMR4fwOdl8vw,0.58,0.534,4,-7.181,0,0.237,0.227,0.0,0.201,0.69,81.415,4
5Ir3dOzPQ9Q30dC45J6QzH,0.483,0.491,2,-5.389,1,0.0694,0.695,0.000555,0.128,0.4,111.956,4
5odlY52u43F5BjByhxg7wg,0.515,0.593,4,-4.801,1,0.0322,0.653,0.162,0.25,0.153,94.467,3
5iscL6Ehw0Ch3B5Rs0KDP1,0.391,0.175,6,-13.881,1,0.0353,0.922,2.47e-06,0.0896,0.259,78.805,3
1p80LdxRV74UKvL8gnD7ky,0.753,0.678,5,-5.421,1,0.0644,0.085,1.64e-06,0.13,0.583,96.006,4
1dGr1c8CrMLDpV6mPbImSI,0.359,0.543,7,-7.582,1,0.0919,0.492,1.58e-05,0.118,0.453,68.534,4
1LLXZFeAHK9R4xUramtUKw,0.695,0.71,1,-6.639,1,0.05,0.0246,0.000104,0.133,0.557,157.925,4
43rA71bccXFGD4C8GOpIlN,0.664,0.316,5,-10.345,1,0.519,0.298,2.03e-06,0.0812,0.541,92.875,4
59HjlYCeBsxdI0fcm3zglw,0.554,0.666,8,-7.414,1,0.0747,0.0702,0.00593,0.106,0.472,140.056,4
06WgOCf0LV2h4keYXDRnuh,0.81,0.379,4,-7.771,1,0.0349,0.241,0.0,0.113,0.22,103.981,4
4dYUOfmWna6DFccnz732n8,0.764,0.66,5,-6.136,1,0.0494,0.00461,0.00477,0.0915,0.524,119.988,4
6d9IiDcFxtFVIvt9pCqyGH,0.605,0.787,5,-3.002,1,0.0308,0.0396,1.42e-06,0.163,0.374,114.987,4
7hZuICN5eaCuQyp443RCt6,0.589,0.47,4,-5.32,1,0.028,0.166,1.45e-06,0.112,0.102,119.386,3
14LtANuaslKWyYbktUrHBU,0.455,0.623,8,-3.878,1,0.0288,0.0739,0.000424,0.146,0.208,163.893,4
5L26cBeskObsyfEjioRdiv,0.508,0.442,5,-6.072,1,0.0291,0.704,0.0,0.119,0.173,141.982,4
2ZHH9aoZjrqtFk1SX1dXy7,0.633,0.412,9,-7.339,1,0.0284,0.42,3.57e-06,0.048,0.214,102.215,3
0Rx0DJI556Ix5gBny6EWmn,0.844,0.644,11,-6.273,0,0.0479,0.0828,0.0,0.113,0.591,122.061,4
2zSnnXvex1yMcPUn4mg27H,0.453,0.228,0,-13.907,1,0.0444,0.736,1.32e-06,0.193,0.471,127.497,4
0GuVQkXvtQuL6ek7nquHEN,0.597,0.0743,4,-16.807,1,0.0465,0.79,0.0,0.125,0.341,120.617,4
4QIwYqmwtr0hfJktadACK7,0.455,0.278,9,-8.883,1,0.0289,0.883,0.0,0.114,0.207,114.074,4
5zEvD1Tapbd4RAkYmpeTap,0.19,0.221,3,-14.667,1,0.0416,0.984,0.269,0.0903,0.0622,79.487,4
1na2MOlie83rN9sTNRuEOj,0.187,0.526,2,-7.291,1,0.0326,0.0261,0.0342,0.172,0.0739,72.259,4
5RoIXwyTCdyUjpMMkk4uPd,0.531,0.821,2,-6.812,1,0.0439,0.0701,0.171,0.124,0.34,129.139,4
0Gl5s8IhMmQE5YQwM8Qx1J,0.277,0.394,8,-8.903,1,0.0336,0.423,0.0,0.0952,0.227,86.777,3
11IXRdEjiH0KL8nh4G1j7d,0.339,0.219,9,-18.595,1,0.0336,0.578,0.101,0.104,0.0387,138.091,4
35uZSnpGVvHbnPMbIxDjLB,0.366,0.165,7,-12.686,1,0.0355,0.935,0.0,0.157,0.321,118.143,4
0S7XIu0dn63ayGxjefd5It,0.279,0.295,6,-15.135,1,0.035,0.859,0.94,0.547,0.381,129.169,4
6eBK3edMW7bEzecF1eCezc,0.526,0.365,1,-12.605,1,0.028,0.0775,1.37e-05,0.0618,0.254,131.251,4
6PJRw5icjh5FnFd7jNUmbG,0.234,0.321,10,-8.513,1,0.0336,0.82,3.39e-06,0.115,0.0504,82.388,5
6Up545NUflOiXo8cEraH49,0.494,0.632,5,-6.89,1,0.0342,0.682,0.0,0.0869,0.0797,147.873,4
1Vk4yRsz0iBzDiZEoFMQyv,0.476,0.192,9,-15.753,1,0.064,0.976,0.928,0.119,0.114,116.542,3
1Mv9pebAYnZz3VSKzcMFFM,0.378,0.0956,9,-21.07,1,0.0395,0.861,0.0,0.205,0.321,101.023,3
2rm72l5pjfby1cWvPMUojI,0.218,0.124,9,-17.112,1,0.0326,0.88,0.00159,0.0845,0.172,86.614,4
6bcCrByBZgx8FYwuKE4Jgu,0.312,0.176,0,-18.731,1,0.0307,0.862,9.08e-06,0.129,0.199,85.936,4
2wCRJwiL1WSrW0Dwfco7Nj,0.16,0.145,11,-20.495,0,0.0359,0.941,0.0919,0.103,0.0946,173.443,1
6QWniaitONimLqysaA6cwe,0.221,0.305,10,-15.491,1,0.029,0.846,9.14e-05,0.348,0.109,96.592,3
5GK4ax71sSIokiNEZsND3d,0.506,0.195,7,-12.288,1,0.0358,0.559,2.54e-05,0.565,0.0523,114.184,4
6KDH3sCDRFZk71aT3a2lkY,0.257,0.328,7,-15.563,1,0.0468,0.687,0.882,0.165,0.0376,99.635,3
2jz0DAnooOMwtuzboHP3VE,0.673,0.241,8,-14.259,1,0.0371,0.744,0.000108,0.0991,0.135,121.962,4
6ofMKJjMpfDEb48JYEAgjX,0.509,0.46,6,-8.474,1,0.0335,0.523,0.0,0.112,0.291,133.016,4
0hkppOIXAfknRGYr34sLgy,0.447,0.555,10,-6.951,1,0.0262,0.0811,0.0,0.157,0.219,142.891,3
4S7ddJ34xx6ZIkQ4a1LDRm,0.167,0.205,5,-12.822,0,0.0398,0.982,0.909,0.0965,0.0331,64.018,3
6ua4ZcCoSABREsczFvGLI6,0.297,0.264,8,-12.537,1,0.0387,0.943,1.4e-05,0.7,0.247,62.074,4
1nHM5nGsbpskmBnZOfxirW,0.0691,0.0614,0,-19.004,0,0.0385,0.85,0.912,0.0533,0.03,73.215,3
2UW59tk0OratchGvwN2uRr,0.0812,0.0226,0,-32.037,0,0.0412,0.971,0.921,0.119,0.0394,82.037,4
4A9NGq1VZI3cwalNWZvLVR,0.0958,0.252,7,-15.348,1,0.0348,0.273,0.928,0.11,0.038,67.211,3
2EBHPEJWmYj4W1HV3l0VZ6,0.278,0.509,7,-8.573,1,0.0374,0.753,0.96,0.129,0.0852,91.773,3
732QOzrBUFi0gGWNU9gB7d,0.251,0.333,10,-9.137,1,0.0336,0.411,1.98e-06,0.11,0.219,76.335,4
7hs0pXWvIkYEFeQYfUa42B,0.269,0.18,7,-12.932,0,0.0363,0.888,0.00583,0.0604,0.0782,136.055,4
1LNrPxRlSkIROZIZ4ldKoH,0.295,0.0433,4,-25.464,1,0.0373,0.976,0.905,0.0992,0.0523,137.592,4
3aLbDGVIbZHUDjQXjfrvBP,0.532,0.807,1,-4.281,1,0.0527,0.083,0.0,0.123,0.335,166.925,4
4BrX9il0kSbL8xtlHjQbpP,0.206,0.19,8,-15.396,1,0.0384,0.974,0.808,0.131,0.0368,79.811,3
3kSXn1osC89W8JcPLozTzs,0.506,0.897,9,-4.632,1,0.26,0.146,0.000451,0.0868,0.525,188.03,4
46bzMOnJ1anlTrDCGWH30H,0.178,0.00505,3,-32.978,1,0.0366,0.993,0.821,0.0844,0.0684,136.546,4
5lb8hYTICPj3WGIiaW1qla,0.119,0.0347,11,-24.575,0,0.0394,0.975,0.904,0.0815,0.0347,95.597,4
5tgyHc2LLF0BI2udBTMFJz,0.0912,0.0583,9,-24.011,0,0.0382,0.848,0.877,0.117,0.0367,86.432,5
38UEe6tvR5IufCUwFa7tXB,0.378,0.497,9,-12.019,1,0.0406,0.758,0.92,0.186,0.159,119.962,4
5lbZL5xmyJHtrrioldEyXX,0.255,0.229,6,-16.2,1,0.0373,0.68,0.000674,0.395,0.152,77.899,5
2ZbnaNF52uSfO4eouvjSrJ,0.209,0.187,1,-17.307,1,0.0461,0.831,2.88e-06,0.116,0.0784,84.837,3
6BOgMI1pVONpiu2xkpMW2i,0.0815,0.205,10,-21.149,1,0.042,0.983,0.839,0.172,0.0556,84.003,4
34IQaMgUdIciIpNWN5CUbl,0.177,0.105,0,-14.264,1,0.0355,0.875,0.000526,0.0986,0.0876,68.941,5
4kF394GKEnI13QdZBM9mxM,0.359,0.109,8,-14.113,0,0.039,0.995,0.00348,0.12,0.234,88.423,1
3AAwJ043uT1wXSKDtGyuxF,0.195,0.0111,7,-31.641,0,0.0337,0.845,0.000881,0.112,0.3,83.735,1
6fxVffaTuwjgEk5h9QyRjy,0.614,0.379,4,-10.48,1,0.0476,0.607,0.000464,0.0986,0.201,107.989,4
1Slwb6dOYkBlWal1PGtnNg,0.781,0.445,2,-6.061,1,0.0295,0.474,0.0,0.184,0.591,78.998,4
0tgVpDi06FyKpA1z0VMD4v,0.599,0.448,8,-6.312,1,0.0232,0.163,0.0,0.106,0.168,95.05,3
0SuG9kyzGRpDqrCWtgD6Lq,0.526,0.328,1,-9.864,1,0.0461,0.694,0.0,0.112,0.11,116.068,4
0T5iIrXA4p5GsubkhuBIKV,0.539,0.508,10,-6.05,1,0.0288,0.727,0.0,0.174,0.227,101.358,3
5cEap0vG6Dc6TJDN77cyF9,0.263,0.163,11,-11.077,1,0.0352,0.913,0.00227,0.12,0.203,89.745,3
4T6HLdP6OcAtqC6tGnQelG,0.686,0.688,6,-4.981,0,0.0254,0.39,1.03e-06,0.0924,0.493,123.125,4
3I09LQbHS3NSU46Ly3tPpR,0.535,0.548,1,-6.51,1,0.037,0.533,1.48e-06,0.123,0.477,115.144,3
4zKbPdCC2o8726tHh5sEJw,0.33,0.161,2,-15.495,1,0.0355,0.891,0.0191,0.101,0.13,67.398,3
6d2i9NFTSQaXIwQUSombV7,0.358,0.395,5,-7.493,1,0.033,0.326,8.55e-06,0.307,0.219,88.908,3
1YlCqvmX9P8XlAKPyHyGw1,0.412,0.394,5,-6.341,1,0.0283,0.127,0.0,0.0833,0.359,68.37,4
5i04Jy87RLxoZszJqY3QAN,0.458,0.483,10,-7.909,1,0.0366,0.624,5.62e-06,0.0754,0.513,104.823,3
4IbOPxstIn2KbdlWf5xRZ0,0.269,0.239,0,-10.522,0,0.03,0.842,0.00194,0.0938,0.162,176.916,3
1NnBOnFPFdYJdauawQt5bN,0.745,0.45,4,-9.121,1,0.0354,0.288,0.0,0.0538,0.807,133.952,4
7vySXLEg91xiAi8J0Qiqwv,0.344,0.191,10,-15.09,1,0.039,0.799,0.0,0.159,0.327,125.374,3
2KNMqqNd3sLfeN4ukKduRT,0.171,0.0632,0,-20.776,1,0.0327,0.945,2.71e-05,0.121,0.168,81.406,3
6ft9PAgNOjmZ2kFVP7LGqb,0.575,0.764,4,-7.448,1,0.0746,0.566,1.07e-05,0.0692,0.536,123.821,4
2ODCaqPXjIELP6Wjrg6h53,0.311,0.162,10,-14.119,1,0.0303,0.886,1.84e-05,0.109,0.168,173.523,3
1QELw50Dl95LusF6uOkDqk,0.459,0.267,0,-8.948,1,0.0294,0.807,0.0,0.119,0.342,63.378,4
1zwMYTA5nlNjZxYrvBB2pV,0.556,0.319,9,-8.251,1,0.0281,0.893,0.0,0.0996,0.294,135.187,4
73CMRj62VK8nUS4ezD2wvi,0.603,0.67,2,-3.882,0,0.0249,0.00408,1.68e-06,0.112,0.446,107.993,4
05TOt5Vz4StdjMpEdFPlvB,0.591,0.28,4,-5.494,1,0.0283,0.889,0.0,0.124,0.348,141.916,4
1hHuyqVCZCbhYQixEkdQCo,0.436,0.678,5,-7.211,1,0.0301,0.457,0.0384,0.0873,0.194,170.287,4
5ONbCAFFnAJ0YGClEeddcU,0.476,0.236,4,-16.991,1,0.0456,0.973,0.922,0.108,0.0984,138.456,3
1yHVHoz6Ny29gbbWJYVnFt,0.571,0.761,5,-3.485,1,0.0261,0.0708,0.0,0.331,0.681,91.991,4
26hOm7dTtBi0TdpDGl141t,0.472,0.518,8,-7.379,1,0.051,0.383,0.127,0.289,0.154,147.805,4
69rSEDWuvLS6yyNcESulCc,0.679,0.525,7,-7.015,1,0.0804,0.054,0.0,0.438,0.42,95.091,4
6LXIhiXK8z1KLd3giR904b,0.602,0.565,11,-6.498,1,0.0498,0.329,0.0,0.0622,0.609,208.038,4
0qCcqa0gYjW8rerrC10yun,0.504,0.47,7,-6.105,1,0.0383,0.49,0.0,0.101,0.184,126.039,4
2IOFZdYYkFxEHVz1w34PoL,0.53,0.512,7,-9.261,1,0.0259,0.615,0.00453,0.129,0.411,95.946,4
4G92yYrUs0cvY7G41YRI0z,0.439,0.153,1,-8.95,1,0.0479,0.874,0.0,0.107,0.104,116.76,3
2t3IK52qKDAR2fo5EBkCFT,0.72,0.647,8,-6.688,0,0.159,0.457,0.0,0.0977,0.294,107.04,4
18XEJ4bMuqM0YIrZuir4xy,0.292,0.562,3,-5.193,1,0.031,0.788,0.0,0.203,0.217,139.279,4
1IdM9JrXYuMYiTdM983oH4,0.77,0.484,7,-6.626,1,0.0538,0.464,0.0,0.44,0.793,79.988,4
6lrZiAgjWUcfuj5HHxPsZF,0.482,0.403,10,-7.85,1,0.0311,0.385,0.0,0.113,0.203,76.94,4
0TxSk5fpK01cBLV9ePqcE6,0.36,0.533,3,-4.394,1,0.0302,0.375,0.0,0.0768,0.421,92.854,4
63MgFVcIldlw51imFtcgK1,0.622,0.701,8,-5.452,1,0.0559,0.423,0.0,0.0955,0.645,179.998,4
7neOIVKDsLaUXV5y84jGuY,0.35,0.348,4,-6.156,1,0.0317,0.805,4.48e-06,0.102,0.274,146.603,4
4mj63a9c899Cs5l8gwuC0e,0.324,0.515,8,-3.23,0,0.033,0.757,2.89e-05,0.727,0.311,140.097,4
5mTmB6IgMzomkJvOkQ8WDV,0.72,0.655,5,-3.994,1,0.0248,0.383,0.0,0.156,0.468,104.977,4
1obtU03RXYzuNnzGe31arn,0.709,0.801,0,-3.756,1,0.0627,0.436,0.0,0.0835,0.422,120.031,4
1VrUu8hMTMslRSjsDpSJKc,0.801,0.608,2,-5.474,0,0.0663,0.476,0.0,0.13,0.922,127.958,4
1HYzRuWjmS9LXCkdVHi25K,0.558,0.526,0,-4.686,0,0.033,0.431,0.0,0.126,0.202,124.709,4
3IPJg1sdqLj12kFIndaonN,0.695,0.379,6,-9.147,1,0.034,0.858,0.0,0.106,0.805,105.057,4
6rPO02ozF3bM7NnOV4h6s2,0.653,0.816,2,-4.353,1,0.167,0.228,0.0,0.0967,0.816,178.085,4
32lm3769IRfcnrQV11LO4E,0.723,0.777,7,-3.503,1,0.108,0.0426,3.68e-06,0.0451,0.961,91.017,4
0Kt035u0yJBkOnM1BYPpI6,0.839,0.649,0,-6.121,1,0.0372,0.465,0.0,0.0973,0.904,122.99,4
4qzBepJAKtYu4T1GDtBZZc,0.631,0.516,0,-5.759,1,0.0378,0.738,0.0,0.264,0.254,143.777,4
6yWUojjtn6IMmZEgHyfblf,0.388,0.289,0,-7.394,0,0.0386,0.593,0.0,0.15,0.193,122.522,4
7k5iu5vr7IEW3BdSgwY9mw,0.282,0.426,8,-7.405,1,0.031,0.65,0.000805,0.107,0.129,133.467,4
4lt4QTuoYOEEOhrNDZJ1o8,0.697,0.897,11,-3.628,0,0.136,0.0323,0.0,0.138,0.736,140.03,4
0IHgyl0zAHIj7kpm4YKKv3,0.534,0.62,2,-8.276,1,0.0404,0.173,1.37e-05,0.127,0.392,130.863,3
2OyX69J0H3ZaO3irKbcemY,0.341,0.239,10,-8.406,1,0.0354,0.846,0.00203,0.0703,0.0756,129.55,4
6nhj2meaMrV4pGKk9Q65u2,0.275,0.248,1,-10.831,1,0.0309,0.762,0.0,0.111,0.117,140.947,3
5Hkk4YCNakpuOpbZQo67fE,0.281,0.323,8,-9.145,1,0.031,0.722,0.0,0.12,0.247,134.824,3
5WHnE8MsLFHqSUwecrs7WO,0.521,0.502,5,-8.521,0,0.0287,0.886,0.02,0.188,0.378,95.028,4
4q5R6rdomdPOwVxJrExLkc,0.327,0.375,1,-8.405,1,0.0313,0.392,0.0,0.101,0.149,72.364,4
7L3borCR5Izc7zJjFpjjhh,0.808,0.253,7,-7.267,0,0.0332,0.847,4.24e-05,0.229,0.274,122.879,3
4hNSTJdBOSWiYdiMPbFjf9,0.655,0.552,8,-7.519,1,0.0256,0.278,0.0,0.101,0.391,83.021,4
4uHs0TfECKllxN8zeLWqJu,0.696,0.746,1,-4.74,1,0.0566,0.159,0.0,0.168,0.513,126.088,4
22CY3wlF8O6Z9QkOWYhaz5,0.451,0.499,7,-6.151,1,0.0317,0.783,0.0,0.122,0.262,131.361,4
3B21fRFqPLmTd9zAlK0I8A,0.817,0.676,2,-4.607,1,0.0379,0.0924,0.0,0.0988,0.796,115.999,4
2G0k5HoKVW3iPC1eF7Ykb7,0.542,0.448,11,-6.715,1,0.0336,0.588,0.0,0.089,0.189,119.83,3
08MFgEQeVLF37EyZ7jcwLc,0.375,0.457,3,-7.018,1,0.0315,0.868,0.0145,0.191,0.415,174.839,3
2UVrIJBJVRPN9UgzShCJ5c,0.781,0.463,0,-7.662,1,0.0861,0.47,0.0,0.0961,0.506,129.131,4
0QBzMgT7NIeoCYy3sJCof1,0.756,0.697,8,-6.377,1,0.0401,0.182,0.0,0.333,0.956,94.996,4
0kWQn0wLok1lawHAkGSMW9,0.665,0.692,6,-5.431,0,0.112,0.172,0.0,0.191,0.68,74.474,4
2NcQic8JxdjAlAHuNbOIRE,0.721,0.479,9,-9.669,1,0.226,0.321,0.00156,0.182,0.902,164.948,3
7I5WT7DtpwSAhEeDLpZEfm,0.72,0.819,1,-4.588,1,0.0362,0.0411,0.0,0.0606,0.898,131.99,4
4q0crFErlOEybi84JzBqTp,0.555,0.331,0,-8.622,1,0.0354,0.434,0.0,0.117,0.255,124.536,4
2R4O7MgIrN35QXnyLKMFVl,0.706,0.354,6,-9.592,1,0.29,0.479,0.0,0.0734,0.376,119.793,3
4XwGrhiOTz0FapbeOdtCpN,0.0,0.0471,2,-27.968,0,0.0,0.963,0.488,0.144,0.0,0.0,0
6uW0PIRcyZLvkoonm763xD,0.856,0.523,4,-10.481,0,0.131,0.442,0.0,0.0537,0.709,105.935,4
2YOGCTiPJWMhZRdeadFj8G,0.238,0.441,3,-7.42,1,0.0364,0.912,0.433,0.167,0.164,79.445,4
4SFNe716eUbgX1XvGCTBu7,0.601,0.86,6,-5.374,0,0.0653,0.08,0.000369,0.189,0.65,161.96,4
31Wlc9ZnraX3JxrvMg9e8H,0.548,0.456,9,-5.979,1,0.0703,0.813,0.00464,0.122,0.53,173.839,3
3hhbDnFUb2bicI2df6VurK,0.635,0.184,8,-10.785,1,0.0456,0.665,0.0,0.146,0.177,128.424,4
4VnDmjYCZkyeqeb0NIKqdA,0.19,0.435,4,-12.456,0,0.0334,0.233,0.938,0.1,0.0643,138.515,4
4YutJsNwBBInE8vemufpQ8,0.468,0.197,4,-11.727,1,0.033,0.658,0.0,0.109,0.249,144.212,3
2TktkzfozZifbQhXjT6I33,0.697,0.336,9,-10.395,1,0.0424,0.598,0.00528,0.107,0.31,82.029,3
3g3GjHuxntUfUd4t23rGTZ,0.426,0.139,7,-10.916,1,0.0301,0.915,0.00242,0.107,0.222,61.04,4
1fiSki9Yy5lekUUpV4mByo,0.434,0.467,1,-5.926,0,0.0434,0.849,1.42e-05,0.143,0.141,128.504,3
0rzaRSujxA0bKyjJl6vHYq,0.576,0.457,0,-6.473,1,0.0304,0.143,3.05e-05,0.0917,0.301,138.984,4
7HnkUNPrhRurdGEm9nRYFH,0.448,0.328,7,-11.132,1,0.0351,0.803,9.34e-05,0.347,0.209,113.941,3
1boXOL0ua7N2iCOUVI1p9F,0.707,0.238,3,-8.818,1,0.0379,0.0905,2.42e-06,0.0842,0.345,124.156,3
3ym8ajVmKm6Fybgov3WBI5,0.591,0.473,7,-8.122,0,0.0708,0.694,0.00334,0.108,0.451,152.88,4
4deAN7JXhdHHifxOp0TTjU,0.718,0.398,11,-6.774,1,0.0396,0.498,0.0352,0.129,0.373,76.976,4
2QfznFotJNZmnIEYFdzE5T,0.624,0.457,0,-8.876,1,0.0494,0.557,0.0,0.128,0.586,129.758,4
6rY5FAWxCdAGllYEOZMbjW,0.517,0.479,3,-7.458,1,0.0261,0.544,0.00598,0.191,0.284,88.968,4
1TuSfYnKU5uKbYK1esQDLj,0.587,0.251,1,-9.017,1,0.0289,0.862,0.0,0.105,0.272,75.163,4
1CsMKhwEmNnmvHUuO5nryA,0.251,0.252,9,-14.478,1,0.0375,0.693,0.00706,0.0968,0.0395,69.988,4
22ZcJxQkzIL6EU692kAFWY,0.624,0.393,8,-8.916,1,0.0333,0.407,0.0,0.118,0.728,177.963,4
0JWA4NaSOa1mZfLyNvZLQW,0.69,0.197,4,-12.801,0,0.078,0.366,0.000139,0.128,0.269,177.985,3
5GUYJTQap5F3RDQiCOJhrS,0.581,0.21,8,-10.426,1,0.0321,0.768,0.0,0.369,0.452,80.099,4
56KDoLjFIm7Yc7fX1XgpNw,0.37,0.39,3,-6.958,1,0.0419,0.229,0.0,0.0823,0.309,124.802,4
07oO1U722crtVcavi6frX6,0.851,0.652,8,-4.333,1,0.0367,0.0317,0.0,0.0936,0.696,119.944,4
5N3hjp1WNayUPZrA8kJmJP,0.669,0.586,9,-6.073,1,0.054,0.274,0.0,0.104,0.579,107.071,4
3uTsiaNxy6h6EAd7MsCf9D,0.447,0.697,1,-4.896,1,0.0425,0.182,2.49e-06,0.137,0.306,149.024,4
46kspZSY3aKmwQe7O77fCC,0.645,0.646,5,-8.334,1,0.0427,0.0615,3.04e-05,0.074,0.295,115.842,4
5oO3drDxtziYU2H1X23ZIp,0.509,0.637,4,-4.83,0,0.047,0.0717,1.08e-05,0.0789,0.379,172.007,3
5zZEP23ceNvvA9IT6CnqoY,0.759,0.455,9,-9.991,0,0.048,0.562,0.894,0.109,0.32,93.006,4
3tQeDE3Q4Pk40CvPFO0eoW,0.58,0.888,1,-7.435,1,0.0466,0.0261,0.347,0.0803,0.668,99.988,4
4SwcSQIRh7M1dmzyYgCAHs,0.536,0.475,5,-6.154,1,0.0287,0.543,0.0,0.174,0.299,133.879,4
276zciJ7Fg7Jk6Ta6QuLkp,0.841,0.898,8,-7.135,1,0.104,0.271,0.0151,0.304,0.931,98.401,4
3kLChd6atCWKPz1WzufHQo,0.394,0.254,0,-9.398,1,0.0283,0.336,0.0,0.105,0.132,145.761,4
0STK94RxUulYqWzwFlyAb5,0.397,0.303,1,-10.413,1,0.11,0.798,4.16e-06,0.0824,0.17,170.22,3
6CoKNa67qyFJmLdSz4DOI8,0.616,0.522,1,-8.544,1,0.0687,0.816,0.00249,0.219,0.165,97.977,4
0Lmbke3KNVFXtoH2mMSHCw,0.795,0.63,7,-5.854,0,0.0434,0.157,0.0,0.0732,0.447,97.998,4
4EhqimHdoK9OmCNvCfioH6,0.385,0.504,5,-3.204,0,0.034,0.296,0.00676,0.111,0.33,66.452,4
6lrYBcuR6Q1YWtSGFmJ48H,0.495,0.65,8,-6.786,0,0.0397,0.0035,0.00891,0.195,0.184,84.956,4
4EWBhKf1fOFnyMtUzACXEc,0.379,0.219,5,-11.196,1,0.0307,0.707,0.000691,0.118,0.188,79.786,4
629DixmZGHc7ILtEntuiWE,0.893,0.4,11,-7.981,0,0.0643,0.0452,0.0823,0.0632,0.945,124.987,4
7BRD7x5pt8Lqa1eGYC4dzj,0.7,0.425,7,-12.531,1,0.0529,0.144,0.879,0.083,0.521,110.015,4
6dOtVTDdiauQNBQEDOtlAB,0.747,0.507,2,-10.171,1,0.0358,0.2,0.0608,0.117,0.438,104.978,4
3QaPy1KgI7nu9FJEQUgn6h,0.467,0.247,6,-12.002,0,0.0431,0.612,0.000271,0.17,0.126,148.101,4
6TGd66r0nlPaYm3KIoI7ET,0.407,0.192,7,-10.99,1,0.0368,0.637,3.33e-06,0.21,0.159,128.173,4
6fPan2saHdFaIHuTSatORv,0.467,0.392,9,-9.355,1,0.0908,0.2,0.0174,0.106,0.313,145.104,4
1LLUoftvmTjVNBHZoQyveF,0.857,0.386,1,-9.761,1,0.168,0.243,0.0931,0.111,0.661,125.017,4
7DpUoxGSdlDHfqCYj0otzU,0.521,0.254,9,-14.409,0,0.0399,0.815,0.884,0.114,0.153,125.021,4
2prqm9sPLj10B4Wg0wE5x9,0.349,0.337,7,-10.671,1,0.0407,0.29,0.172,0.139,0.0365,142.01,4
4WUepByoeqcedHoYhSNHRt,0.76,0.602,7,-4.871,1,0.0316,0.00661,0.000133,0.325,0.685,116.989,4
3Vpk1hfMAQme8VJ0SNRSkd,0.514,0.821,7,-4.803,1,0.0444,0.000456,0.0232,0.0946,0.298,94.884,4
1OcSfkeCg9hRC2sFKB4IMJ,0.544,0.884,7,-5.973,1,0.0383,0.000466,0.000134,0.381,0.184,91.981,4
2k0ZEeAqzvYMcx9Qt5aClQ,0.589,0.713,0,-5.614,1,0.0308,0.000778,0.0,0.188,0.54,97.069,4
3FxJDucHWdw6caWTKO5b23,0.671,0.853,0,-6.568,1,0.0417,0.00388,9.48e-06,0.0812,0.523,118.032,4
27exgla7YBw9DUNNcTIpjy,0.587,0.663,8,-7.439,1,0.0598,0.0348,9.95e-05,0.0971,0.539,139.993,4
733OhaXQIHY7BKtY3vnSkn,0.761,0.67,5,-5.956,1,0.0537,0.00198,1.08e-05,0.0873,0.519,120.014,4
4WBEj8TeGtRPNJdOmT3WJW,0.47,0.494,4,-8.672,1,0.0349,0.302,0.0,0.0672,0.0524,144.039,4
1ULabO0PEsdJekqVH6G10G,0.572,0.807,0,-5.348,1,0.0574,0.0846,0.0,0.071,0.626,160.015,4
0lKUBmEyQfzsQHozyeXzES,0.782,0.379,4,-8.964,1,0.0303,0.297,2.98e-05,0.103,0.267,103.99,4
6HRsJu8vcnzYDN4t0570FY,0.387,0.703,3,-5.956,1,0.0545,0.0105,1.1e-05,0.128,0.32,123.18,5
5M787RexsAiVYjQusM98CV,0.653,0.848,5,-5.936,1,0.0583,0.00516,4.24e-06,0.0798,0.724,122.017,4
5QUIK7ZtziW8kGWo8RqopF,0.8,0.509,0,-9.386,1,0.034,0.16,3.05e-05,0.0834,0.0768,109.994,4
6IG3sQ8s9nfk6TUlVzRhbN,0.599,0.651,0,-7.343,1,0.035,0.0486,0.0,0.126,0.153,100.001,4
7G0gBu6nLdhFDPRLc0HdDG,0.647,0.793,7,-2.903,1,0.0363,0.00314,1.93e-06,0.174,0.5,121.101,4
3MytWN8L7shNYzGl4tAKRp,0.605,0.769,5,-2.413,1,0.032,0.0241,0.0,0.0936,0.366,114.921,4
79uDOz0zuuWS7HWxzMmTa2,0.486,0.635,2,-3.994,1,0.0278,0.00705,0.0,0.119,0.235,141.868,4
5xXqyjLicvEpch72qEryFT,0.734,0.686,7,-2.926,1,0.0349,0.225,0.0,0.136,0.598,119.002,4
1zU8j1x3yi9xalMF96pzKp,0.379,0.468,4,-5.07,1,0.0298,0.0327,0.0,0.158,0.115,119.447,3
3sW3oSbzsfecv9XoUdGs7h,0.52,0.553,8,-3.546,1,0.0269,0.016,0.0,0.165,0.227,81.949,4
0A1JLUlkZkp2EFrosoNQi0,0.48,0.295,0,-15.512,1,0.0384,0.797,0.333,0.12,0.132,110.018,4
3NLnwwAQbbFKcEcV8hDItk,0.648,0.822,11,-5.231,0,0.0749,0.0598,0.0,0.119,0.397,99.933,4
6N5xh0tYYLTQRiCCaNbAUt,0.536,0.707,4,-6.076,1,0.0336,0.0697,0.0,0.0842,0.321,131.962,4
5AezhHjX3R1bmxcAEgrFpS,0.502,0.594,11,-5.031,1,0.0365,0.0256,0.0,0.0834,0.349,153.692,5
5CRVwXGikmqzoRO6q7FeAg,0.565,0.245,5,-9.132,1,0.0262,0.781,0.0,0.0998,0.307,75.055,4
2UFOh8iMQ2DON7sl3lqGJH,0.634,0.565,0,-5.179,1,0.0242,0.0773,2.12e-05,0.168,0.541,145.001,4
608R6FvRtAqf2dvgKMzebP,0.714,0.443,5,-7.638,1,0.0256,0.779,0.000109,0.144,0.463,106.04,4
0HMjXBAZmSYOTTi33WpMso,0.655,0.697,11,-4.421,1,0.0493,0.0359,0.0,0.0646,0.802,86.704,4
6Vh03bkEfXqekWp7Y1UBRb,0.663,0.857,2,-2.16,1,0.0544,0.0542,0.0,0.144,0.931,126.039,4
4My8w8AA1JpG6E5SiAPvJL,0.637,0.93,4,-2.632,1,0.0511,0.0177,0.0,0.452,0.886,90.014,4
0TAmnCzOtqRfvA38DDLTjj,0.709,0.22,7,-11.856,1,0.0327,0.811,0.0,0.175,0.53,110.076,4
0KqlLyIGuBZWqzNwP9rypc,0.538,0.819,4,-2.662,1,0.0435,0.0445,0.0,0.215,0.478,82.085,4
02O8hDaIJPEUHh9XEj0u76,0.569,0.911,2,-2.705,1,0.0772,0.0194,0.0,0.0925,0.51,160.054,4
41PiyIwNrzoLn598y2glGY,0.602,0.871,2,-4.208,0,0.0622,0.00528,0.0,0.288,0.495,128.057,4
5fEql5cR2hjR6wPGUPiEEb,0.582,0.903,11,-2.155,1,0.0576,0.0191,0.0,0.374,0.639,144.973,4
3t85LNwaXR96o6el8CV99C,0.346,0.228,9,-9.709,1,0.0362,0.868,0.0,0.188,0.224,59.722,4
5LLYU3mbGuTgc78V8tdh9B,0.679,0.819,9,-4.577,1,0.0426,0.00822,0.0,0.0754,0.615,135.031,4
66uhlklxdGRFlUftJf8JFc,0.432,0.583,8,-4.682,1,0.0687,0.174,0.0,0.0933,0.544,181.489,4
3OD3UsYexvqEH6UHEFHrZu,0.467,0.471,10,-5.692,1,0.0701,0.151,0.0,0.14,0.222,105.09,3
5rEENZmbGQXMVy1Svt9Q2x,0.71,0.48,10,-5.251,1,0.0364,0.104,1.55e-05,0.0894,0.352,107.948,4
49HIwnGgaZ6TPrVkGlV9zp,0.436,0.467,6,-6.656,1,0.0461,0.081,0.0,0.151,0.301,80.053,4
2XmUYeqNpGcjFE7DhUWDw5,0.362,0.54,10,-6.031,1,0.0528,0.338,0.0,0.139,0.3,78.007,3
0UsP6myH78yMjlWAOyPcMa,0.564,0.866,6,-5.575,1,0.0604,0.195,0.0352,0.118,0.939,164.935,4
3wNNbf63xkxw9rIVWtFy7a,0.616,0.32,0,-10.194,1,0.0311,0.268,0.0,0.11,0.177,80.02,4
4fFqFgMDP9lY8tqEoArFGq,0.474,0.324,9,-10.411,1,0.077,0.962,4.88e-05,0.231,0.335,119.458,3
5nW4z3pfZgJAJ2QTCz9AIE,0.429,0.239,10,-14.696,1,0.11,0.632,0.389,0.116,0.137,157.112,4
5kK1Iru9ogP3Iy1zsANU1n,0.546,0.519,8,-9.072,1,0.0291,0.36,0.00046,0.24,0.247,140.054,4
1daDRI9ahBonbWD8YcxOIB,0.672,0.642,5,-4.035,1,0.0313,0.0981,0.0,0.1,0.494,121.981,4
35Dofxo9smHVxmFQbhYIAT,0.778,0.776,9,-5.359,1,0.0362,0.0338,0.0216,0.0772,0.361,127.049,4
6WzuONb7HfNLr3fjtCVFCm,0.636,0.801,7,-5.273,1,0.0435,0.0992,0.0,0.101,0.705,102.349,4
6wf7Yu7cxBSPrRlWeSeK0Q,0.391,0.084,0,-17.843,1,0.0317,0.953,0.0,0.0983,0.111,79.449,4
1kRGTor0WEKB90LWOTIxfR,0.309,0.52,10,-5.595,1,0.0377,0.672,0.0,0.165,0.297,179.481,3
